"architecture","adaptivity","estimator","n_replications","mean_truth","mean_estimate","bias","empirical_sd","mcse_mean","mean_model_se","model_se_ratio","mean_observed_rate","coverage","coverage_mcse","sign_error","rejection","power","mean_df"
"spaced",0,"marginal",400,0.138078296033005,0.0684978162389635,-0.0695804797940417,0.0458955064439908,0.00229477532219954,0.043508094566528,0.947981576793877,NA,0.6575,0.0237272917755061,0.0725,NA,NA,28.7036933603445
"spaced",0,"oracle_state",400,0.138078296033005,0.136177051819626,-0.00190124421337921,0.0477880200338074,0.00238940100169037,0.0447390087270664,0.936197161870611,NA,0.9425,0.0116397755562554,0,NA,NA,27.0081931628886
"spaced",0,"policy_log",400,0.138078296033005,0.132420676730708,-0.00565761930229752,0.0488090243832493,0.00244045121916246,0.0474757594583567,0.972684048867199,NA,0.9525,0.0106352891357029,0.0025,NA,NA,28.6825144610416
"spaced",0,"recorded_belief",400,0.138078296033005,0.135777653858712,-0.00230064217429289,0.0477806672107026,0.00238903336053513,0.0446828523719814,0.935165935940985,NA,0.9375,0.0121030729568982,0,NA,NA,27.2758374892132
"spaced",0.4,"marginal",400,0.172391890407165,-0.156146301373278,-0.328538191780442,0.0514811765326728,0.00257405882663364,0.047613582883547,0.924873635188365,NA,0,0,0.995,NA,NA,27.8105513772651
"spaced",0.4,"oracle_state",400,0.172391890407165,0.17039402284755,-0.00199786755961419,0.0569869646479697,0.00284934823239849,0.054150337857471,0.95022323424275,NA,0.935,0.012326293035621,0.0025,NA,NA,27.587067715267
"spaced",0.4,"policy_log",400,0.172391890407165,0.168096984899051,-0.00429490550811411,0.0626427548222141,0.00313213774111071,0.0592690631255495,0.946143944240009,NA,0.9375,0.0121030729568982,0.005,NA,NA,28.189302569843
"spaced",0.4,"recorded_belief",400,0.172391890407165,0.169600871177361,-0.0027910192298039,0.0579371040746479,0.0028968552037324,0.0556306945272149,0.960191148931755,NA,0.9375,0.0121030729568982,0.0025,NA,NA,27.8069751310662
"spaced",0.7,"marginal",1000,0.223212163342235,-0.188534684593115,-0.41174684793535,0.0510864034614189,0.00161549392404394,0.0460943627194657,0.902282399939873,NA,0,0,1,NA,NA,26.37672798713
"spaced",0.7,"oracle_state",1000,0.223212163342235,0.225498159782601,0.00228599644036656,0.0682894606577714,0.00215950235863018,0.0663531143177267,0.971645019284182,NA,0.955,0.00655553201502365,0,NA,NA,27.8791554853743
"spaced",0.7,"policy_log",1000,0.223212163342235,0.224778572980074,0.00156640963783958,0.0803378338673478,0.00254050537305033,0.0770770391528201,0.959411468326221,NA,0.943,0.00733150734842434,0.002,NA,NA,28.2129037172593
"spaced",0.7,"recorded_belief",1000,0.223212163342235,0.224444537740679,0.00123237439844432,0.0749983740754136,0.00237165682887632,0.0717571358608209,0.956782553561315,NA,0.948,0.00702111102319284,0.001,NA,NA,28.0731714969133
"spaced",1,"marginal",400,0.284695077678442,-0.17299331682005,-0.457688394498492,0.0490764884278961,0.00245382442139481,0.0446999419714119,0.910821931301905,NA,0,0,1,NA,NA,25.5337318905153
"spaced",1,"oracle_state",400,0.284695077678442,0.283797442932922,-0.000897634745519849,0.0802673991523387,0.00401336995761694,0.0785534856422879,0.978647451790509,NA,0.945,0.011399013115178,0,NA,NA,28.0894487997414
"spaced",1,"policy_log",400,0.284695077678442,0.284920640162729,0.000225562484287073,0.102581140541762,0.0051290570270881,0.0982228078653837,0.957513314305528,NA,0.9425,0.0116397755562554,0.005,NA,NA,28.3388852099924
"spaced",1,"recorded_belief",400,0.284695077678442,0.284836432638814,0.000141354960372092,0.0974014188359336,0.00487007094179668,0.0914161399552961,0.93855039328822,NA,0.945,0.011399013115178,0,NA,NA,28.2772269934686
"tutor",0,"marginal",400,0.278466411449061,0.237436981316771,-0.0410294301322903,0.0576988028749497,0.00288494014374749,0.0590095263679639,1.02271664969991,NA,0.905,0.0146607469113957,0,NA,NA,27.865081570455
"tutor",0,"oracle_state",400,0.278466411449061,0.279220845514439,0.000754434065377993,0.0642848041129092,0.00321424020564546,0.0643724246854706,1.00136300598206,NA,0.95,0.0108972473588517,0,NA,NA,25.9314779350552
"tutor",0,"policy_log",400,0.278466411449061,0.278939299471944,0.000472888022882673,0.0682373005868543,0.00341186502934271,0.0687739340503946,1.00786422468247,NA,0.965,0.00918898797474456,0,NA,NA,25.9995304618119
"tutor",0,"reconstructed_history",400,0.278466411449061,0.278030985234619,-0.000435426214441485,0.0639001402731914,0.00319500701365957,0.0641646228002965,1.00413899759804,NA,0.9475,0.0111516534648455,0,NA,NA,26.0313793992254
"tutor",0,"recorded_belief",400,0.278466411449061,0.277552242253361,-0.000914169195699922,0.0639392437482443,0.00319696218741221,0.0641809980540917,1.00378100039468,NA,0.9525,0.0106352891357029,0,NA,NA,26.0203166854473
"tutor",0.4,"marginal",400,0.473066712093314,-0.261561926137682,-0.734628638230996,0.0989617830086097,0.00494808915043049,0.0780947275619045,0.789140263925016,NA,0,0,1,NA,NA,21.2895982691165
"tutor",0.4,"oracle_state",400,0.473066712093314,0.478371412339451,0.00530470024613727,0.103749039192469,0.00518745195962347,0.10052952137048,0.968968215541578,NA,0.94,0.0118743420870379,0,NA,NA,27.1673500517415
"tutor",0.4,"policy_log",400,0.473066712093314,0.477109806289156,0.00404309419584181,0.116798354047273,0.00583991770236366,0.11004566730178,0.94218508642031,NA,0.935,0.012326293035621,0,NA,NA,27.1992125897388
"tutor",0.4,"reconstructed_history",400,0.473066712093314,0.419454836967443,-0.0536118751258706,0.099011444314669,0.00495057221573345,0.0976444156899708,0.986193226104715,NA,0.9175,0.0137562485801908,0,NA,NA,27.1583375871255
"tutor",0.4,"recorded_belief",400,0.473066712093314,0.474065697065059,0.000998984971745397,0.104003954115651,0.00520019770578256,0.102844129998015,0.988848269015363,NA,0.955,0.0103652062208139,0,NA,NA,27.2164059856388
"tutor",0.7,"marginal",1000,0.738662733538098,-0.143793727378368,-0.882456460916465,0.0735951289509891,0.00232728232178924,0.0659487137446915,0.896101612765843,NA,0,0,0.974,NA,NA,18.0981075603345
"tutor",0.7,"oracle_state",1000,0.738662733538098,0.735192066788157,-0.00347066674994035,0.154311835640083,0.00487976870544208,0.143319145945415,0.928763146073212,NA,0.949,0.00695693898205238,0,NA,NA,27.5857031148122
"tutor",0.7,"policy_log",1000,0.738662733538098,0.739565252022373,0.000902518484275807,0.176743375634204,0.00558911628350793,0.165807856774218,0.938127701698879,NA,0.96,0.00619677335393187,0,NA,NA,27.7117617370988
"tutor",0.7,"reconstructed_history",1000,0.738662733538098,0.607326720159912,-0.131336013378185,0.144020185673424,0.0045543181576837,0.134227322587744,0.932003537977062,NA,0.842,0.0115341232870123,0,NA,NA,27.3353890241333
"tutor",0.7,"recorded_belief",1000,0.738662733538098,0.731551422011669,-0.00711131152642892,0.162928740173288,0.00515225915249367,0.154267944588745,0.946843045767547,NA,0.944,0.00727076337120113,0,NA,NA,27.733361544927
"tutor",1,"marginal",400,0.962126211070997,0.0743065911792847,-0.887819619891712,0.064309351936584,0.0032154675968292,0.0653493761262313,1.01617220759234,NA,0,0,0.135,NA,NA,18.0026318960782
"tutor",1,"oracle_state",400,0.962126211070997,0.965552196574028,0.00342598550303107,0.186741761255966,0.00933708806279829,0.169350727894719,0.906871214856922,NA,0.9575,0.0100863459686846,0,NA,NA,27.0329806877117
"tutor",1,"policy_log",400,0.962126211070997,0.968706940525208,0.0065807294542116,0.219791775083582,0.0109895887541791,0.214820604814533,0.977382364434891,NA,0.965,0.00918898797474456,0,NA,NA,27.7802731213764
"tutor",1,"reconstructed_history",400,0.962126211070997,0.78082601117067,-0.181300199900327,0.162790662812898,0.00813953314064489,0.154567312939273,0.949485125672863,NA,0.8,0.02,0,NA,NA,26.5719326284444
"tutor",1,"recorded_belief",400,0.962126211070997,0.964555247697834,0.00242903662683747,0.200379402414601,0.01001897012073,0.19458096673598,0.971062715984036,NA,0.965,0.00918898797474456,0,NA,NA,26.8862991166427
