"n_participants","adaptivity","state_reliability","estimator","n_replications","mean_estimate","mean_truth","bias","absolute_bias","rmse","coverage_95","sign_error_rate","convergence_rate","monte_carlo_se_bias","mean_failure_rate","mean_planned_actual_spearman"
12,0,0.5,"naive",200,0.0789472011396289,0.138384233925927,-0.0594370327862977,0.0742447546253333,0.090123846035366,0.82,0.135,1,0.00480240034087171,0.102491666666667,0.399355311793457
12,0,0.5,"history",200,0.144094405314001,0.138384233925927,0.00571017138807457,0.0558644817991137,0.0698813817791839,0.94,0.015,1,0.00493719421778758,0.102491666666667,0.399355311793457
12,0,0.5,"schedule_conditioned",200,0.143137727127633,0.138384233925927,0.00475349320170628,0.0618067266637455,0.0774810614337588,0.93,0.02,1,0.00548214057122118,0.102491666666667,0.399355311793457
12,0,0.5,"oracle",200,0.146187871858034,0.138384233925927,0.00780363793210731,0.0558252015267181,0.0704955402521358,0.95,0.015,1,0.00496658403100264,0.102491666666667,0.399355311793457
12,0,0.8,"naive",200,0.0713476165327102,0.137900513056719,-0.0665528965240092,0.0818745301890518,0.0965441287605215,0.785,0.15,1,0.00495785289602835,0.1016625,0.397016512906513
12,0,0.8,"history",200,0.138416092758394,0.137900513056719,0.000515579701674988,0.0577287766575889,0.0698846088736083,0.945,0.015,1,0.00495385375339161,0.1016625,0.397016512906513
12,0,0.8,"schedule_conditioned",200,0.141082757283184,0.137900513056719,0.0031822442264643,0.0635116287973566,0.0774859434147373,0.91,0.02,1,0.00548819873634539,0.1016625,0.397016512906513
12,0,0.8,"oracle",200,0.139160033236332,0.137900513056719,0.00125952017961254,0.0576557040735635,0.0700642488885405,0.95,0.02,1,0.00496592033059448,0.1016625,0.397016512906513
12,0.4,0.5,"naive",200,-0.163672708508381,0.171436274674438,-0.33510898318282,0.33510898318282,0.345057244496807,0.005,0.98,1,0.00583115500505623,0.0996208333333333,0.654037040575007
12,0.4,0.5,"history",200,0.00727870867902308,0.171436274674438,-0.164157565995415,0.167202179133217,0.185940724008898,0.485,0.465,1,0.0061905448942325,0.0996208333333333,0.654037040575007
12,0.4,0.5,"schedule_conditioned",200,0.179085282103742,0.171436274674438,0.00764900742930384,0.0755680329805442,0.0948927092412078,0.925,0.035,1,0.00670487670434862,0.0996208333333333,0.654037040575007
12,0.4,0.5,"oracle",200,0.180388939623566,0.171436274674438,0.00895266494912738,0.0690396947871982,0.0887582356324771,0.925,0.015,1,0.00625981608368029,0.0996208333333333,0.654037040575007
12,0.4,0.8,"naive",200,-0.160324541901693,0.170990969754227,-0.331315511655919,0.331315511655919,0.342559489302788,0.01,0.96,1,0.00617053928055579,0.100860416666667,0.651839994494791
12,0.4,0.8,"history",200,0.0955763976736968,0.170990969754227,-0.0754145720805301,0.096073050100956,0.117563145301245,0.805,0.125,1,0.00639320283328308,0.100860416666667,0.651839994494791
12,0.4,0.8,"schedule_conditioned",200,0.181314872453147,0.170990969754227,0.0103239026989206,0.0773796935092143,0.0960720999545787,0.92,0.005,1,0.00677093456534397,0.100860416666667,0.651839994494791
12,0.4,0.8,"oracle",200,0.175579086519139,0.170990969754227,0.0045881167649116,0.0733147208689295,0.0917202209178572,0.935,0.025,1,0.00649373416965857,0.100860416666667,0.651839994494791
12,0.75,0.5,"naive",200,-0.197241860643478,0.227336521448364,-0.424578382091842,0.424578382091842,0.433826939335583,0,1,1,0.0063162113960635,0.0993395833333333,0.816599162994646
12,0.75,0.5,"history",200,-0.0539084780849144,0.227336521448364,-0.281244999533279,0.281244999533279,0.300289353439008,0.145,0.69,1,0.00746009350526209,0.0993395833333333,0.816599162994646
12,0.75,0.5,"schedule_conditioned",200,0.235299861725655,0.227336521448364,0.00796334027729028,0.0991087566921498,0.125451086430054,0.935,0.03,1,0.00887505688228892,0.0993395833333333,0.816599162994646
12,0.75,0.5,"oracle",200,0.239992026808214,0.227336521448364,0.0126555053598492,0.100762137780452,0.125671907231363,0.885,0.03,1,0.00886335872543552,0.0993395833333333,0.816599162994646
12,0.75,0.8,"naive",200,-0.210338352088826,0.227878385125139,-0.438216737213965,0.438216737213965,0.44581692211622,0,0.995,1,0.00581058610711278,0.0994916666666667,0.817171327651272
12,0.75,0.8,"history",200,0.0677234117771623,0.227878385125139,-0.160154973347977,0.163459852617796,0.188463665916847,0.6,0.25,1,0.00704220510046492,0.0994916666666667,0.817171327651272
12,0.75,0.8,"schedule_conditioned",200,0.24753986158114,0.227878385125139,0.0196614764560008,0.104695196060921,0.129682153470679,0.94,0.03,1,0.00908665354932395,0.0994916666666667,0.817171327651272
12,0.75,0.8,"oracle",200,0.244222868935337,0.227878385125139,0.0163444838101978,0.0935188915720413,0.115314450120788,0.95,0.015,1,0.00809189688852136,0.0994916666666667,0.817171327651272
12,1.1,0.5,"naive",200,-0.176490949937911,0.293697447095742,-0.470188397033653,0.470188397033653,0.477547051029362,0,1,1,0.00591992514967142,0.0991770833333333,0.893249136384399
12,1.1,0.5,"history",200,-0.0675215650705889,0.293697447095742,-0.36121901216633,0.36121901216633,0.376963072468533,0.05,0.755,1,0.00764211527667532,0.0991770833333333,0.893249136384399
12,1.1,0.5,"schedule_conditioned",200,0.299289435659331,0.293697447095742,0.00559198856358926,0.121649825322389,0.151589314701775,0.945,0.015,1,0.010738567602294,0.0991770833333333,0.893249136384399
12,1.1,0.5,"oracle",200,0.299047767470018,0.293697447095742,0.00535032037427619,0.111623159673096,0.141534329362309,0.95,0.02,1,0.0100259313180185,0.0991770833333333,0.893249136384399
12,1.1,0.8,"naive",200,-0.184591767284009,0.2945260493756,-0.479117816659608,0.479117816659608,0.485848021088074,0,0.995,1,0.00571272816507813,0.0983333333333333,0.894349967161453
12,1.1,0.8,"history",200,0.0532554275244675,0.2945260493756,-0.241270621851132,0.243641684812695,0.271812419992429,0.425,0.33,1,0.00887390128911683,0.0983333333333333,0.894349967161453
12,1.1,0.8,"schedule_conditioned",200,0.298645796367715,0.2945260493756,0.00411974699211575,0.121975708607285,0.159283082934858,0.925,0.03,1,0.0112875010239912,0.0983333333333333,0.894349967161453
12,1.1,0.8,"oracle",200,0.295347739188451,0.2945260493756,0.000821689812851682,0.115463002258129,0.155071639721863,0.92,0.03,1,0.0109925827601198,0.0983333333333333,0.894349967161453
30,0,0.5,"naive",200,0.0737926289799758,0.138144836265902,-0.0643522072859263,0.0671121321617704,0.0782599353886802,0.665,0.05,1,0.00315703800534358,0.102510833333333,0.399085049236529
30,0,0.5,"history",200,0.137087226515152,0.138144836265902,-0.00105760975075018,0.0365508952016504,0.0449657555580998,0.915,0,1,0.00318665609344954,0.102510833333333,0.399085049236529
30,0,0.5,"schedule_conditioned",200,0.139540010353144,0.138144836265902,0.0013951740872415,0.0394759010880565,0.0497983879153185,0.92,0,1,0.0035287284200497,0.102510833333333,0.399085049236529
30,0,0.5,"oracle",200,0.13866518271873,0.138144836265902,0.000520346452827693,0.0368234963427437,0.0452708790353318,0.91,0,1,0.00320895553398592,0.102510833333333,0.399085049236529
30,0,0.8,"naive",200,0.0683432569482337,0.138164536291845,-0.0698212793436108,0.0743420073423372,0.0846632341236949,0.605,0.04,1,0.00339438804003858,0.101681666666667,0.397004131427337
30,0,0.8,"history",200,0.134128526566024,0.138164536291845,-0.00403600972582028,0.0371291641953442,0.0480444224407406,0.925,0.01,1,0.00339374028638674,0.101681666666667,0.397004131427337
30,0,0.8,"schedule_conditioned",200,0.134935821196369,0.138164536291845,-0.00322871509547579,0.0402320070554258,0.0520972741521919,0.905,0.015,1,0.0036859787112657,0.101681666666667,0.397004131427337
30,0,0.8,"oracle",200,0.134566909082572,0.138164536291845,-0.00359762720927298,0.0373088262356064,0.0480213914286529,0.935,0.015,1,0.00339457971229882,0.101681666666667,0.397004131427337
30,0.4,0.5,"naive",200,-0.171050618219111,0.171460374943086,-0.342510993162198,0.342510993162198,0.346489031588312,0,1,1,0.00371122741351547,0.100648333333333,0.653675470920152
30,0.4,0.5,"history",200,-0.0010679379006986,0.171460374943086,-0.172528312843785,0.172528312843785,0.180205260553872,0.075,0.475,1,0.00368885132709308,0.100648333333333,0.653675470920152
30,0.4,0.5,"schedule_conditioned",200,0.170644136006413,0.171460374943086,-0.000816238936673944,0.0432738379122606,0.0553606869206371,0.96,0,1,0.00392398846570812,0.100648333333333,0.653675470920152
30,0.4,0.5,"oracle",200,0.173361649722258,0.171460374943086,0.00190127477917168,0.0407715796036577,0.0505144008570185,0.965,0,1,0.00357833363435861,0.100648333333333,0.653675470920152
30,0.4,0.8,"naive",200,-0.174619060511546,0.171679860967401,-0.346298921478947,0.346298921478947,0.35040642851424,0,1,1,0.00379216471149557,0.10003,0.656156669206296
30,0.4,0.8,"history",200,0.0894333357701032,0.171679860967401,-0.0822465251972978,0.0853873660373516,0.0996672680020558,0.585,0.04,1,0.00399061298295362,0.10003,0.656156669206296
30,0.4,0.8,"schedule_conditioned",200,0.171164949318894,0.171679860967401,-0.000514911648507375,0.0486130601136813,0.062232058291239,0.935,0.01,1,0.00441136263839521,0.10003,0.656156669206296
30,0.4,0.8,"oracle",200,0.17164345062822,0.171679860967401,-3.64103391805425e-05,0.0470104061112897,0.0587092557733288,0.94,0,1,0.00416178799741214,0.10003,0.656156669206296
30,0.75,0.5,"naive",200,-0.211890982824811,0.229066407429026,-0.440957390253837,0.440957390253837,0.444424409592207,0,1,1,0.00392750628741985,0.0985366666666667,0.820055834307106
30,0.75,0.5,"history",200,-0.0640363781823108,0.229066407429026,-0.293102785611337,0.293102785611337,0.300019979922775,0,0.845,1,0.00454057387941849,0.0985366666666667,0.820055834307106
30,0.75,0.5,"schedule_conditioned",200,0.237330303781174,0.229066407429026,0.00826389635214751,0.0638666626354012,0.0794439527187188,0.935,0,1,0.00560108103378357,0.0985366666666667,0.820055834307106
30,0.75,0.5,"oracle",200,0.23956599528934,0.229066407429026,0.0104995878603137,0.0613834892992634,0.074880212964382,0.935,0,1,0.00525567649488323,0.0985366666666667,0.820055834307106
30,0.75,0.8,"naive",200,-0.208178498020929,0.22874032044991,-0.436918818470839,0.436918818470839,0.440380061813867,0,1,1,0.0039062795143689,0.0992366666666667,0.8193187900008
30,0.75,0.8,"history",200,0.0640192824366388,0.22874032044991,-0.164721038013271,0.165720102092327,0.177409875409038,0.26,0.17,1,0.00467068454436484,0.0992366666666667,0.8193187900008
30,0.75,0.8,"schedule_conditioned",200,0.230703814570225,0.22874032044991,0.00196349412031531,0.0616734288725874,0.0765762721801829,0.965,0,1,0.0054265632496801,0.0992366666666667,0.8193187900008
30,0.75,0.8,"oracle",200,0.231160750239144,0.22874032044991,0.00242042978923395,0.0579941525003027,0.0721222574284559,0.965,0,1,0.00510973134844934,0.0992366666666667,0.8193187900008
30,1.1,0.5,"naive",200,-0.180581517174722,0.296534159638819,-0.477115676813541,0.477115676813541,0.480253813176843,0,1,1,0.0038855200913358,0.0991725,0.895761066875585
30,1.1,0.5,"history",200,-0.0771410840315551,0.296534159638819,-0.373675243670374,0.373675243670374,0.379368169467308,0,0.895,1,0.00464142385928306,0.0991725,0.895761066875585
30,1.1,0.5,"schedule_conditioned",200,0.279277681066929,0.296534159638819,-0.0172564785718898,0.0877505209845749,0.108375409757167,0.93,0,1,0.00758451324360174,0.0991725,0.895761066875585
30,1.1,0.5,"oracle",200,0.281159372790695,0.296534159638819,-0.0153747868481236,0.0815277843010589,0.0992191005551208,0.955,0.005,1,0.00694849893205385,0.0991725,0.895761066875585
30,1.1,0.8,"naive",200,-0.180055196057445,0.297375651266771,-0.477430847324216,0.477430847324216,0.480679079690076,0,1,1,0.0039546192537474,0.0987725,0.896600753649188
30,1.1,0.8,"history",200,0.0665325582851,0.297375651266771,-0.230843092981671,0.230843092981671,0.243043609046216,0.115,0.2,1,0.0053901372433211,0.0987725,0.896600753649188
30,1.1,0.8,"schedule_conditioned",200,0.314432375545067,0.297375651266771,0.0170567242782961,0.0835729962221783,0.107091140144884,0.93,0,1,0.007494581109184,0.0987725,0.896600753649188
30,1.1,0.8,"oracle",200,0.313628460450384,0.297375651266771,0.0162528091836129,0.0784297261847562,0.0995555565688286,0.925,0,1,0.00696262637349845,0.0987725,0.896600753649188
100,0,0.5,"naive",200,0.0685124748077803,0.138243815420571,-0.0697313406127909,0.0697313406127909,0.0730476418033721,0.125,0,1,0.0015425263318028,0.102175,0.398584469668946
100,0,0.5,"history",200,0.134286182244931,0.138243815420571,-0.0039576331756402,0.0186532785477288,0.0226441375682334,0.97,0,1,0.00158049369848014,0.102175,0.398584469668946
100,0,0.5,"schedule_conditioned",200,0.133958996058261,0.138243815420571,-0.00428481936230979,0.019892357224451,0.0239493514943121,0.97,0,1,0.0016703319563411,0.102175,0.398584469668946
100,0,0.5,"oracle",200,0.136165319845627,0.138243815420571,-0.00207849557494457,0.0183950894765599,0.0224724929926205,0.965,0,1,0.00158620434001518,0.102175,0.398584469668946
100,0,0.8,"naive",200,0.0692276863422618,0.138261181310614,-0.0690334949683521,0.069142310147398,0.072431607077395,0.15,0,1,0.00155423602760026,0.1029095,0.399107973356782
100,0,0.8,"history",200,0.13547499105318,0.138261181310614,-0.0027861902574336,0.0170554886012066,0.021569171138698,0.955,0,1,0.00151618783965732,0.1029095,0.399107973356782
100,0,0.8,"schedule_conditioned",200,0.133763672614133,0.138261181310614,-0.00449750869648055,0.0181378032206024,0.0233807532238943,0.955,0,1,0.00162646460760991,0.1029095,0.399107973356782
100,0,0.8,"oracle",200,0.136478981010375,0.138261181310614,-0.00178220030023935,0.0170537042800518,0.0216783183857586,0.955,0,1,0.00153153329109405,0.1029095,0.399107973356782
100,0.4,0.5,"naive",200,-0.175334235529381,0.171649061775073,-0.346983297304454,0.346983297304454,0.348491494712105,0,1,1,0.00229584864418666,0.10019125,0.655297408747871
100,0.4,0.5,"history",200,-0.00443859117618829,0.171649061775073,-0.176087652951262,0.176087652951262,0.179023593636829,0,0.565,1,0.00228891314837571,0.10019125,0.655297408747871
100,0.4,0.5,"schedule_conditioned",200,0.170396432250831,0.171649061775073,-0.00125262952424234,0.0262609698766296,0.0327230272108554,0.965,0,1,0.00231797371779076,0.10019125,0.655297408747871
100,0.4,0.5,"oracle",200,0.170232380202955,0.171649061775073,-0.00141668157211828,0.0250584134548439,0.0321723595863832,0.93,0,1,0.00227842594731115,0.10019125,0.655297408747871
100,0.4,0.8,"naive",200,-0.178453319464268,0.172204349770628,-0.350657669234896,0.350657669234896,0.351896551976854,0,1,1,0.00209135850627131,0.10071025,0.658622446939386
100,0.4,0.8,"history",200,0.0873716188233878,0.172204349770628,-0.0848327309472402,0.0848327309472402,0.0895027328085414,0.19,0,1,0.00202266919055581,0.10071025,0.658622446939386
100,0.4,0.8,"schedule_conditioned",200,0.16900806196729,0.172204349770628,-0.00319628780333764,0.0250181418144447,0.0311637688419756,0.96,0,1,0.00219749084037666,0.10071025,0.658622446939386
100,0.4,0.8,"oracle",200,0.170319814885636,0.172204349770628,-0.00188453488499213,0.0229989458259239,0.0286517222329136,0.96,0,1,0.00202666857266142,0.10071025,0.658622446939386
100,0.75,0.5,"naive",200,-0.217301240220805,0.229838217149977,-0.447139457370782,0.447139457370782,0.448174495747352,0,1,1,0.00215793999636704,0.0992815,0.821362195159428
100,0.75,0.5,"history",200,-0.0704091894791339,0.229838217149977,-0.300247406629111,0.300247406629111,0.302481218533415,0,0.99,1,0.00260110372586889,0.0992815,0.821362195159428
100,0.75,0.5,"schedule_conditioned",200,0.225889135894996,0.229838217149977,-0.00394908125498063,0.0361521346909418,0.045916631348603,0.94,0,1,0.00324288303987004,0.0992815,0.821362195159428
100,0.75,0.5,"oracle",200,0.22647618396941,0.229838217149977,-0.00336203318056683,0.033341692233264,0.0418367503690272,0.94,0,1,0.00295613697258241,0.0992815,0.821362195159428
100,0.75,0.8,"naive",200,-0.213076637353757,0.228747301485925,-0.441823938839682,0.441823938839682,0.443076185189032,0,1,1,0.00235974718628655,0.099898,0.819734852797109
100,0.75,0.8,"history",200,0.0655620215361048,0.228747301485925,-0.16318527994982,0.16318527994982,0.167514854182959,0.01,0.05,1,0.00268233639592226,0.099898,0.819734852797109
100,0.75,0.8,"schedule_conditioned",200,0.229043917954293,0.228747301485925,0.00029661646836833,0.0358114878924546,0.0433949672254782,0.935,0,1,0.00307611580374428,0.099898,0.819734852797109
100,0.75,0.8,"oracle",200,0.229680449929345,0.228747301485925,0.000933148443420444,0.0341717239397906,0.0417379484872056,0.945,0,1,0.00295798517083338,0.099898,0.819734852797109
100,1.1,0.5,"naive",200,-0.1881929807542,0.298273560557763,-0.486466541311963,0.486466541311963,0.487620986442125,0,1,1,0.00237716376204833,0.09875,0.897279162115875
100,1.1,0.5,"history",200,-0.0790410774597618,0.298273560557763,-0.377314638017524,0.377314638017524,0.379471796534248,0,0.985,1,0.00286418562766432,0.09875,0.897279162115875
100,1.1,0.5,"schedule_conditioned",200,0.29522809518074,0.298273560557763,-0.00304546537702236,0.0424927274895581,0.0543817617359355,0.96,0,1,0.00384897111497693,0.09875,0.897279162115875
100,1.1,0.5,"oracle",200,0.295521596150088,0.298273560557763,-0.00275196440767437,0.0395373914822048,0.0510969122688552,0.945,0,1,0.00361690693207975,0.09875,0.897279162115875
100,1.1,0.8,"naive",200,-0.186352142821582,0.297842005037142,-0.484194147858724,0.484194147858724,0.485259912315464,0,1,1,0.00227859791123522,0.098748,0.896830938428517
100,1.1,0.8,"history",200,0.054019798530765,0.297842005037142,-0.243822206506377,0.243822206506377,0.248308698632855,0,0.135,1,0.00333094327043754,0.098748,0.896830938428517
100,1.1,0.8,"schedule_conditioned",200,0.296494521544106,0.297842005037142,-0.0013474834930354,0.0454683892707324,0.0583529728367244,0.94,0,1,0.00413542954518796,0.098748,0.896830938428517
100,1.1,0.8,"oracle",200,0.296353289224583,0.297842005037142,-0.00148871581255908,0.0418638928287699,0.0533648520080084,0.935,0,1,0.00378146175976077,0.098748,0.896830938428517
