"learner_family","scheduler_family","n_stages","observation_condition","intercept_shift","state_slope_multiplier","candidate_family","n_replications","family_recovery_rate","candidate_selection_rate","true_parameter","mean_best_parameter","parameter_bias","parameter_exact_recovery_rate","mean_nll","mean_state_rmse","mean_selected_state_rmse","mean_state_correlation","mean_unsigned_pe_correlation","mean_failure_rate"
"RL","RL",8,"correct",0,1,"RL",100,0.98,0.98,0.25,0.255,0.005,0.88,2713.7462624906,0.255973165560952,0.256197567928805,0.976317439798025,0.99016448466689,0.0873489583333333
"RL","RL",8,"correct",0,1,"Bayesian",100,0.98,0.02,0.25,0.644,0.394,0,2721.50942690615,0.380150659362086,0.35119243644238,0.962248960623867,0.984731462852006,0.0873489583333333
"RL","RL",8,"intercept_minus_0.25",-0.25,1,"RL",100,0.42,0.42,0.25,0.202,-0.048,0.06,2727.71752912711,0.359100952367968,0.354803159196952,0.962006632837412,0.981356560901589,0.0873489583333333
"RL","RL",8,"intercept_minus_0.25",-0.25,1,"Bayesian",100,0.42,0.58,0.25,0.462,0.212,0,2727.00970841393,0.448517691163985,0.447350842899656,0.961460329105362,0.986193723616023,0.0873489583333333
"RL","RL",8,"intercept_plus_0.25",0.25,1,"RL",100,1,1,0.25,0.2995,0.0495,0.01,2731.42388738544,0.361728441338759,0.361728441338759,0.977611541060846,0.989975453908292,0.0873489583333333
"RL","RL",8,"intercept_plus_0.25",0.25,1,"Bayesian",100,1,0,0.25,0.65,0.4,0,2763.44505532177,0.378176821357691,,0.962207067857417,0.98464695348032,0.0873489583333333
"RL","RL",8,"state_slope_0.80",0,0.8,"RL",100,1,1,0.25,0.312,0.062,0,2717.41185551917,0.421509762353195,0.421509762353195,0.974963004510648,0.988079045114205,0.0873489583333333
"RL","RL",8,"state_slope_0.80",0,0.8,"Bayesian",100,1,0,0.25,0.65,0.4,0,2751.00790137788,0.378176821357691,,0.962207067857417,0.98464695348032,0.0873489583333333
"RL","RL",8,"combined_plus_0.25_slope_0.80",0.25,0.8,"RL",100,1,1,0.25,0.4,0.15,0,2745.69083139489,0.846782195739848,0.846782195739848,0.955698941891217,0.974390290571412,0.0873489583333333
"RL","RL",8,"combined_plus_0.25_slope_0.80",0.25,0.8,"Bayesian",100,1,0,0.25,0.65,0.4,0,2829.20724433548,0.378176821357691,,0.962207067857417,0.98464695348032,0.0873489583333333
"RL","Bayesian",8,"correct",0,1,"RL",100,0.95,0.95,0.25,0.2515,0.0015,0.95,2679.06778362286,0.246451685615601,0.246817523506154,0.976660006225368,0.990101257929031,0.0864104166666667
"RL","Bayesian",8,"correct",0,1,"Bayesian",100,0.95,0.05,0.25,0.638,0.388,0,2685.93176234663,0.381602610664832,0.373942274424124,0.962708624771444,0.984668722728565,0.0864104166666667
"RL","Bayesian",8,"intercept_minus_0.25",-0.25,1,"RL",100,0.44,0.44,0.25,0.202,-0.048,0.05,2693.89454095671,0.35688799002482,0.363056946138126,0.962994592655161,0.981392388858698,0.0864104166666667
"RL","Bayesian",8,"intercept_minus_0.25",-0.25,1,"Bayesian",100,0.44,0.56,0.25,0.4457,0.1957,0,2693.12515474578,0.456636638480265,0.442469135254951,0.961257026613392,0.985739189623935,0.0864104166666667
"RL","Bayesian",8,"intercept_plus_0.25",0.25,1,"RL",100,1,1,0.25,0.2995,0.0495,0.01,2695.86393107064,0.362882877877905,0.362882877877905,0.977952257357766,0.989786751493484,0.0864104166666667
"RL","Bayesian",8,"intercept_plus_0.25",0.25,1,"Bayesian",100,1,0,0.25,0.65,0.4,0,2724.40009800018,0.377619666398228,,0.96267298010912,0.984515396443643,0.0864104166666667
"RL","Bayesian",8,"state_slope_0.80",0,0.8,"RL",100,1,1,0.25,0.3085,0.0585,0.01,2682.32177710643,0.406411063328869,0.406411063328869,0.975826115785419,0.988354553659699,0.0864104166666667
"RL","Bayesian",8,"state_slope_0.80",0,0.8,"Bayesian",100,1,0,0.25,0.65,0.4,0,2712.21255481998,0.377619666398228,,0.96267298010912,0.984515396443643,0.0864104166666667
"RL","Bayesian",8,"combined_plus_0.25_slope_0.80",0.25,0.8,"RL",100,1,1,0.25,0.399,0.149,0,2709.77020385409,0.845036713118744,0.845036713118744,0.956253454549259,0.973924419328336,0.0864104166666667
"RL","Bayesian",8,"combined_plus_0.25_slope_0.80",0.25,0.8,"Bayesian",100,1,0,0.25,0.65,0.4,0,2784.92359227614,0.377619666398228,,0.96267298010912,0.984515396443643,0.0864104166666667
"Bayesian","RL",8,"correct",0,1,"RL",100,0.99,0.01,0.2,0.1535,-0.0465,0.08,3139.75888856114,0.312736582180014,0.295756114701967,0.945019889894793,0.975380109809782,0.104051041666667
"Bayesian","RL",8,"correct",0,1,"Bayesian",100,0.99,0.99,0.2,0.2237,0.0237,0.61,3133.4202914347,0.216416544941015,0.216616822646661,0.962657973700303,0.985199098266421,0.104051041666667
"Bayesian","RL",8,"intercept_minus_0.25",-0.25,1,"RL",100,0.89,0.11,0.2,0.103,-0.097,0,3157.04312671204,0.392045707780961,0.397742987147402,0.901049136407304,0.940761815162738,0.104051041666667
"Bayesian","RL",8,"intercept_minus_0.25",-0.25,1,"Bayesian",100,0.89,0.89,0.2,0.0484,-0.1516,0.01,3153.74144516023,0.298011117424192,0.295958885512195,0.930897348160256,0.968886134365209,0.104051041666667
"Bayesian","RL",8,"intercept_plus_0.25",0.25,1,"RL",100,0.6,0.4,0.2,0.2065,0.00650000000000001,0.87,3156.45058020777,0.427313880158098,0.443069502698481,0.956051988699656,0.985069462692329,0.104051041666667
"Bayesian","RL",8,"intercept_plus_0.25",0.25,1,"Bayesian",100,0.6,0.6,0.2,0.431,0.231,0,3155.55426389949,0.281421338492278,0.278013169353993,0.958880556713961,0.981756175530101,0.104051041666667
"Bayesian","RL",8,"state_slope_0.80",0,0.8,"RL",100,0.36,0.64,0.2,0.211,0.011,0.76,3135.89469889155,0.446944503226663,0.464241829808086,0.955167227530782,0.984694737654084,0.104051041666667
"Bayesian","RL",8,"state_slope_0.80",0,0.8,"Bayesian",100,0.36,0.36,0.2,0.459,0.259,0.01,3137.61348213263,0.295121637467424,0.289177902007419,0.956783913365791,0.980329890949184,0.104051041666667
"Bayesian","RL",8,"combined_plus_0.25_slope_0.80",0.25,0.8,"RL",100,0,1,0.2,0.2835,0.0835,0,3165.78978543316,0.762976326721552,0.762976326721552,0.941071987112013,0.977604341263283,0.104051041666667
"Bayesian","RL",8,"combined_plus_0.25_slope_0.80",0.25,0.8,"Bayesian",100,0,0,0.2,0.646,0.446,0,3184.56107655605,0.390727272703253,,0.941698412624445,0.970043220501029,0.104051041666667
"Bayesian","Bayesian",8,"correct",0,1,"RL",100,0.99,0.01,0.2,0.156,-0.044,0.12,3043.01746668825,0.320777614735323,0.300951942087903,0.945192531819547,0.975662449289958,0.0997625
"Bayesian","Bayesian",8,"correct",0,1,"Bayesian",100,0.99,0.99,0.2,0.2203,0.0203,0.56,3036.77586762749,0.21897451780574,0.218879066192221,0.961600513181114,0.984684784092574,0.0997625
"Bayesian","Bayesian",8,"intercept_minus_0.25",-0.25,1,"RL",100,0.9,0.1,0.2,0.103,-0.097,0,3059.84243519653,0.391562173912525,0.394541910604269,0.90126470586483,0.94069282119325,0.0997625
"Bayesian","Bayesian",8,"intercept_minus_0.25",-0.25,1,"Bayesian",100,0.9,0.9,0.2,0.0556,-0.1444,0.01,3056.05759582998,0.292868285800018,0.289951970888756,0.93262625422618,0.969617345889324,0.0997625
"Bayesian","Bayesian",8,"intercept_plus_0.25",0.25,1,"RL",100,0.54,0.46,0.2,0.207,0.00700000000000001,0.86,3059.67139318523,0.437868174325417,0.449276481049712,0.95509854470433,0.984599008992675,0.0997625
"Bayesian","Bayesian",8,"intercept_plus_0.25",0.25,1,"Bayesian",100,0.54,0.54,0.2,0.4265,0.2265,0,3059.19010416839,0.280301126676349,0.277773942118443,0.958753947203658,0.981719432669947,0.0997625
"Bayesian","Bayesian",8,"state_slope_0.80",0,0.8,"RL",100,0.27,0.73,0.2,0.2125,0.0125,0.75,3039.57712635009,0.460398869871892,0.467415988982131,0.95443662859809,0.98435382545428,0.0997625
"Bayesian","Bayesian",8,"state_slope_0.80",0,0.8,"Bayesian",100,0.27,0.27,0.2,0.4525,0.2525,0,3041.52107442774,0.293008294681559,0.300429877877602,0.956905050099165,0.980406322658819,0.0997625
"Bayesian","Bayesian",8,"combined_plus_0.25_slope_0.80",0.25,0.8,"RL",100,0,1,0.2,0.2855,0.0855,0,3069.48950374164,0.783482761012596,0.783482761012596,0.939730614176836,0.976904901386813,0.0997625
"Bayesian","Bayesian",8,"combined_plus_0.25_slope_0.80",0.25,0.8,"Bayesian",100,0,0,0.2,0.648,0.448,0,3088.40525795978,0.391418805558312,,0.941883527998304,0.970057613635148,0.0997625
